Kode Kecamatan,Kecamatan,Kode Kelurahan,Kelurahan,Tanggal,Waktu,Lokasi Kebakaran,Benda Yang Terbakar,Bangunan Yang Terselamatkan,Penyebab Kebakaran,Korban Meninggal,Korban Luka,Mobil Unit Yang Bertugas,Sumber Air PDAM,Sumber Air Lainnya,Kerugian,Luas Areal (M2)
32.73.14,Cibeunying Kidul,32.73.14.1003,Cicadas,02 Januari 2020,10.02 - 12.10 ,Jl. Asep Belian Gg. Bnnga 7 RT 04 RW 15,5 Buah Rumah 6 Buah Sepeda Motor 1 Sepeda,4 Buah Rumah dan Akses Jalan,Masih Dalam Penyelidikan,-,-,4  Pancar 1 Rescue 3 Tangki 3 Komando 1 PMI 1 Dinkes,28,-,1025000000,160
32.73.24,Arcamanik,32.73.24.1001,Sukamiskin,04 Januari 2020,10.26 - 11.15 ,Jl. Pacuan Kuda No. 63 ,Sebuah Studio On Air Bandung TV,Bagian Kantor Bandung TV,Masih Dalam Penyelidikan,-,1,2 Pancar 1 RESCUE 1 Tangki 1 Komando 2 PMI,-,-,12000000,40
32.73.12,Batununggal,32.73.12.1008,Binong,04 Januari 2020,18.34 - 19.10 ,Jl. Binong Jati Gg. Kurnia III RT 04 RW 03,Sebuah Rumah Bagian Kamar,Bagian Ruang Lainnya,Masih Dalam Penyelidikan,-,-,2 Pancar 1 Rescue 1 Dinkes,4,-,12000000,6
32.73.04,Bojongloa Kaler,32.73.04.1002,Babakan Tarogong,06 Januari 2020,07.45 - 08.10 ,Jl. Babakan Irigasi Gg. AMD No.10,Sebuah Rumah Bagian Atap,Bagian Ruang Lainnya,Korsleting Listrik,-,-,2 Pancar,-,-,3000000,42
32.73.13,Lengkong,32.73.13.1006,Malabar,07 Januari 2020,10.13 - 10.50 ,Jl. Jend. Ahmad Yani No. 202,Sebuah Gedung D' Fasion ( Lantai 1 ),-,Masih Dalam Penyelidikan,-,-,1 Pancar 1 Rescue 1 Tangki 1 Komando 1 TRC 2 PMI 1 Dinkes,8,-,-,100
32.73.23,Rancasari,32.73.23.1003,Manjahlega,07 Januari 2020,09.28 - 10.10 ,Jl. Soekarno Hatta ( Depan Ayam Bakar,Sebuah Kendaraan Roda 4  ( CR-V D 1879 HI ),-,Korsleting Listrik,-,-,1 Pancar,-,-,200000000,-
32.73.15,Bandung Kulon,32.73.15.1003,Warung Muncang,13 Januari 2020,11.40 - 11.55 ,Jl. Soekarno Hatta Gg. Cibuntu Tengah 2,Sebuah Gardu Listrik,-,Korsleting Listrik,-,-,1 Pancar,-,-,-,1
32.73.02,Coblong,32.73.02.1001,Cipaganti,13 Januari 2020,12.16 - 12.50 ,Persimpangan Cipaganti - Pasteur ( Bawah Fly Over Pasopati ),Pengecekan Kepulan Asap Dibawah Aspal,-,Masih Dalam Penyelidikan,-,-,1 Pancar 1 Rescue 1 Komando 1 TRC,-,-,-,2
32.73.03,Babakan Ciparay,32.73.03.1002,Babakan,14 Januari 2020,02.58 - 04.10 ,Jl. Terusan Suryani Gg. Abadi Dalam ,Sebuah Rumah Kosong di Jadikan Gudang Barang dan 1 Unit Kendaraan Roda 2,3 Buah Rumah ,Masih Dalam Penyelidikan,-,-,6 Pancar 1 Rescue 1 Komando,24,-,30000000,90
32.73.03,Babakan Ciparay,32.73.03.1001,Babakan Ciparay,16 Januari 2020,18.25 - 19.10 ,Jl. Makam Caringin Porip 6 RT 09 RW 03,2 (Dua) Buah Rumah Kontrakan,3 (Tiga) Buah Rumah  Kontrakan Lainnya dan Konveksi,Diduga Dari Kebocoran Tabung Gas,-,3,6 Pancar 1 Rescue 1 Tangki 2 Komando 1 PMI 1 Dinkes,28,-,60000000,60
32.73.15,Bandung Kulon,32.73.15.1005,Cigondewah Kaler,20 Januari 2020,00.30 - 02.05 ,PT. JEMPOL PLASTIK Jl. Paralon II No. 9 RT 11 RW 01,Sebuah Pabrik (Bagian Atap) Tumpukan Bahan Pengolahan Plastik dan Mesin Pengolahan,Sebuah Rumah dan Kantor Bagian Depan ,Diduga Dari Mesin  Pengolahan Masih Panas,-,-,7 Pancar 1 Rescue 3 Tangki 1 Komando 2 PMI 1 Dinkes,40,-,20000000,300
32.73.11,Regol,32.73.11.1006,Ciateul,20 Januari 2020,00.30 - 02.05 ,Jl. Moch Ramdhan No. 76 RT 04 RW 06,Genset PLN Didepan Bangunan Karaoke Platinum,Bangunan Karaoke Platinum dan 3 (Tiga) Buah Rumah ,Masih Dalam Penyelidikan,-,-,2 Pancar 1 Komando 1 PMI,-,-,5000000,6
32.73.13,Lengkong,32.73.13.1006,Malabar,21 Januari 2020,18.25 - 19.00 ,Jl. Cipaera No. 132 RT 05 RW 02,Sebuah Tiang Listrik,Sebuah Rumah,Masih Dalam Penyelidikan,-,-,2 Pancar 1 Rescue 1 Komando,-,-,1000000,-
32.73.03,Babakan Ciparay,32.73.03.1001,Babakan Ciparay,25 Januari 2020,07.58 - 11.00 ,Jl. Soekarno Hatta 220 RT 01 RW 04,Sebuah Pasar 48 Jongko Sayuran dan Hasil Bumi Blok E1,Bagian Jongko Blok E1 -  Jongko Blok E Polos dan Jongko Blok E2,Masih Dalam Penyelidikan,,-,10 Pancar 2 Rescue 3 Tangki 2 Komando 1 PMI 1 Dinkes,52,-,400000000,576
32.73.05,Andir,32.73.05.1005,Garuda,26 Januari 2020,18.35 - 19.10 ,Jl. Garuda No. 64 A ,Sebuah Kendaraan Roda 2 Motor Vega R (D 3449 XR),-,Masih Dalam Penyelidikan,-,-,1 Pancar,4,-,2000000,-
32.73.04,Bojongloa Kaler,32.73.04.1001,Kopo,26 Januari 2020,23.50 - 02.00 ,Jl. Kopo Gg. Babakan Rahayu No. 9 ,Sebuah Pabrik Roti Mekarsari 99,Bagian Pabrik Lainnya dan 3 Buah Rumah,Masih Dalam Penyelidikan,-,-,6 Pancar 1 Rescue 1 Tangki 1 Q Respon 2 Komando 1 PMI 1 Dinkes,28,-,600000000,160
32.73.17,Bojongloa Kidul,32.73.17.1001,Situsaeur,29 Januari 2020,20.37 - 21.40 ,RS Immanuel Jl. Kopo No. 161 ,Sebuah Panel Instalasi Listrik ,Bagian RS Immanuel dan 3 (Tiga) Buah Rumah,Masih Dalam Penyelidikan,-,-,3 Pancar 1 Rescue 1 Tangki 1 Komando 1 Dinkes,4,-,5000000,16
32.73.06,Cicendo,32.73.06.1006,Sukaraja,09 Februari 2020,18.23 - 19.40 ,Jl. Gunung Batu No. 41 RT 01 RW 09,Sebuah Rumah Makan Bakmi Jawa,Bagian Rumah Makan Lainnya dan Merdeka Motor,Masih Dalam Penyelidikan,-,-,2 Pancar 1 Komando 1 Dinkes 1 Pancar Damkar  Cimahi 1 Rescue Damkar Cimahi,8,-,25000000,10
32.73.09,Bandung Wetan,32.73.09.1003,Citarum,11 Februari 2020,11.45 - 12.23 ,Jl. R. E MaRT adinata No. 59 (Kantor OTMIL II-08),Sebuah Ruang kerja dan Dapur  (Bagian Atap),Bagian Aula Kantor Utama -  Ruangan Para Kasi/Perwira -  Ruangan Barang  Bukti dan Berkas,Masih Dalam Penyelidikan,-,,2 Pancar 1 Rescue,-,-,100000000,50
32.73.12,Batununggal,32.73.12.1004,Kacapiring,11 Februari 2020,05.20 - 05.35 ,Jl. Sukabumi Dalam Gg. Mercedes No. 186 RT 05 RW 06,Penanganan Tabung Gas Bocor,Sebuah Rumah,Masih Dalam Penyelidikan,-,-,APAR,-,-,200000,-
32.73.08,Cidadap,32.73.08.1002,Ciumbuleuit,11 Februari 2020,04.20 - 06.20 ,Jl. Rancabentang I No. 33 A RT 01/06,Sebuah Rumah 2 Lantai,Bangunan Dikelilingi Kebun dan Tebing,Masih Dalam Penyelidikan,-,-,1 Pancar 1 Rescue 1 Q Respon 3 Komando 1 TRC 1 PMI  1 Dinkes,4,-,500000000,80
32.73.19,Sumur Bandung,32.73.19.1001,Braga,17 Februari 2020,22.24 - 22.54 ,Jl. Suniaraja No. 52 RT 05 RW 05,Sebuah Panel Listrik,3 (Tiga) Buah Toko,Masih Dalam Penyelidikan,-,-,2 Pancar 1 Rescue,-,-,500000,-
32.73.11,Regol,32.73.11.1004,Balong Gede,24 Februari 2020,18.22 - 18.50 ,Jl. Ciguriang 48 (Tembusan Jl. Otista 357- Toko Inti Bangunan) RT 01/03,Tumbukan Bekas Simple Keramik,Sampah  dan Kabel Listrik - Sebuah Rumah dan Toko Inti Bangunan,Masih Dalam Penyelidikan,-,,2 Pancar 1 Komando 1 Dinkes,-,-,1000000,1
32.73.08,Cidadap,32.73.08.1001,Hegarmanah,25 Februari 2020,12.20 - 12.45 ,Bank Bukopin Jl. Dr. Setiabudi No. 170,MCB Listrik Bank Bukopin,Sebuah Gedung Bank Bukopin,Masih Dalam Penyelidikan,-,-,1 Pancar,-,-,2000000,2
32.73.02,Coblong,32.73.02.1003,Sadang Serang,25 Februari 2020,20.17 - 22.35 ,Jl. Puyuh Dalam RT 05 RW 11,3 (Tiga) Buah Rumah Warga,3 (Tiga) Buah Rumah Warga,Masih Dalam Penyelidikan,-,1,8 Pancar 1 Rescue 2 Tangki 2 Komando 1 PMI 1 Dinkes,44,-,525000000,147
32.73.14,Cibeunying Kidul,32.73.14.1002,Cikutra,27 Februari 2020,06.13 - 06.33 ,Jl. Cikutra (Patokan Sebrang RS Santo Yusuf),Tiang Listrik,Sebuah Rumah Makan Cikutra,Masih Dalam Penyelidikan,-,-,1 Pancar 1 Rescue 1 Komando,-,-,500000,-
32.73.22,Buahbatu,32.73.22.1002,Margasari,05 Maret 2020,21.13 - 21.45 ,Jl. Ciwastra No. 242,Sebuah Rumah Makan ayam Prabu,-,Masih Dalam Penyelidikan,-,-,2 Pancar 1 Komando 1 PMI,-,-,5600000000,12
32.73.10,Astanaanyar,32.73.10.1001,Karasak,08 Maret 2020,20.55 - 21.30 ,Jl. Karasak utara Gg. 7 No. 5 RT 05/01,MCB Listrik,-,Masih Dalam Penyelidikan,-,-,2 Pancar,-,-,272000000,5
32.73.16,Kiaracondong,32.73.16.1001,Sukapura,10 Maret 2020,16.30 - 17.00 ,Jl. Sukabakti No. 213 RT 02 RW 06,Sebuah Rumah Makan Cikutra,Bagian Rumah  Makan Lainnya - Garasi Mobil dan Bengkel Motor,Diduga Dari Kebocoran Tabung Gas,-,-,1 Pancar,4,-,200000000,4
32.73.11,Regol,32.73.11.1001,Cigereleng,12 Maret 2020,09.24 - 10.02 ,Jl. Kembar 2 No. 36 RT 02 RW 06,Sebuah Rumah Makan Padang,Sebuah Mesjid dan Tiga Buah Rumah,Diduga Dari Kebocoran Tabung Gas,-,1,5 Pancar 1 Rescue 2 Komando 1 TRC 1 PMI,12,-,768500000,12
32.73.29,Cinambo,32.73.29.1001,Sukamulya,13 Maret 2020,21.04 - 21.30 ,Jl. Rumah Sakit,Alang -  alang,Parkiran Truk Kontener,Pembakaran Sampah,-,-,2 Pancar 1 Komando,8,-,-,6
32.73.14,Cibeunying Kidul,32.73.14.1005,Sukapada,16 Maret 2020,09.46 - 10.20 ,Jl. Sawah Baru RT 04 RW 09,Sebuah Mobil Bekas (Rongsok),Bagian Kontrakan Bapak Legiman,Diduga Dari Tangki Bensin Terpapar Panas,-,-,2 Pancar 1 Rescue 2 Komando 1 TRC 1 Dinkes,-,-,-,6
32.73.16,Kiaracondong,32.73.16.1001,Sukapura,17 Maret 2020,04.05 - 05.00 ,Jl. Sukapura No. 14e ( Rumah Dinas TNI ) RT 05/10,Sebuah Rumah,2 (Dua) Buah Rumah,Masih Dalam Penyelidikan,-,-,2 Pancar 1 Rescue 1 Komando 1 PMI,8,-,160000000,20
32.73.04,Bojongloa Kaler,32.73.04.1003,Jamika,19 Maret 2020,09.22 - 10.00 ,Jl. Jamika No. 5 ,Sebuah Ruko Pakaian Dewasa,Bagian Lantai 1 dan 2 (Dua) Buah Ruko lainnya,Masih Dalam Penyelidikan,-,-,8 Pancar 1 Rescue 2 Tangki 2 Komando 1 TRC 1 PMI,44,-,20090000000,60
32.73.03,Babakan Ciparay,32.73.03.1003,Sukahaji,22 Maret 2020,23.48 - 01.00 ,Jl. Terusan Pasirkoja Gg. Satata Sariksa RT 08 RW 04,12 (Dua Belas) Buah Kontrakan,3 (Tiga) Buah Kontrakan Lainnya,Masih Dalam Penyelidikan,-,-,3 Pancar 1 Rescue 1 Tangki 1 Komando 1 Dinkes,16,-,190000000,300
32.73.14,Cibeunying Kidul,32.73.14.1003,Cicadas,22 Maret 2020,09.22 - 10.00 ,Jl. Awibitung RT 01 RW 07,Gardu Listrik,-,Korsleting Listrik,-,-,1 Pancar 1 Rescue 1 TRC,-,-,-,-
32.73.06,Cicendo,32.73.06.1004,Pasirkaliki,23 Maret 2020,18.10 - 18.35 ,Jl. Pajajaran No. 39 (Depan Service Center Oppo),Kabel Listrik ,Gedung Service Center Oppo,Masih Dalam Penyelidikan,-,-,1 Pancar 1 Komando,4,-,500000000,4
32.73.02,Coblong,32.73.02.1005,Sekeloa,25 Maret 2020,23.39 - 00.18 ,Jl. Sekeloa Utara RT 01 RW 05,Kulkas dalam Kostan dan Bagian Dapur,Sebuah Kost-kost an,Korsleting Listrik,-,-,1 Pancar,-,-,300000000,2
32.73.04,Bojongloa Kaler,32.73.04.1004,Babakan Asih,27 Maret 2020,14.20 - 15.43 ,Jl. Kopo Gg. Sukaleur RT 07 RW 02 ,Kepulan Asap dari Lantai Rumah,4 (Empat) Buah Rumah Lainnya,Masih Dalam Penyelidikan,-,-,1 Pancar 1 Komando,-,-,261000185,1
32.73.24,Arcamanik,32.73.24.1003,Cisaranten Kulon,28 Maret 2020,16.35 - 17. 00 ,Jl. Soekarno Hatta (Depan Apartement Panoramic),Sebuah Kendaraan Roda 2 (Honda Beat),-,Kebocoran Selang Bensin,-,-,1 Pancar,-,-,-,-
32.73.26,Ujungberung,32.73.26.1003,Pasir Endah,29 Maret 2020,13.55 - 14.35 ,Jl. Taruna 3 No. 79 RT 08 RW 02,Sebuah Rumah,3 (Tiga) Buah Rumah Lainnya,Masih Dalam Penyelidikan,-,-,1 Pancar 1 Komando,4,-,1890000000,80
32.73.12,Batununggal,32.73.12.1003,Cibangkong,30 Maret 2020,19.50 - 20.10 ,Jl. Cinta Asih Utara RT 07 RW 12,Penanganan  Kebocoran Tabung Gas ,-, Kebocoran Tabung Gas ,-,-,1 TRC,-,-,300000000,-
32.73.05,Andir,32.73.05.1006,Campaka,31 Maret 2020,17.45 - 18.05 ,SMA Pelita Nusantara Jl. Paledang No. 297A RT 05 RW 02,Tumpukan Dus Dilantai 2,Bangunan Sekolah SMA Pelita Nusantara Lainnnya,Diduga Dari Pembakaran Dus,-,-,2 Pancar,-,-,500000000,2
32.73.05,Andir,32.73.05.1003,Ciroyom,06 Maret 2021,21.28 - 21.58 ,Jl. Rajawali Timur (Depan Mesjid Al-Hidayah) ,Sebuah Kendaraan Roda 4 Sedan Timor (D 129X UH),-,Masih Dalam Penyelidikan,-,-,1 Pancar 1 Komando,4,-,-,-
32.73.16,Kiaracondong,32.73.16.1003,Babakan Surabaya,06 Maret 2021,10.24 - 11.23 ,Jl. Ibrahim Adjie Gg. Simpang RT 06/07,Sebuah Rumah Semi Permanen,-,Masih Dalam Penyelidikan,-,-,3 Pancar 2 Rescue 2 Tangki 3 Komando 2 TRC 1 PMI 1 Dinkes,20,-,278400000,-
32.73.13,Lengkong,32.73.13.1001,Cijagra,13 Maret 2021,11.47 - 12.30 ,Jl. Cijagra 1 Gg. II RT 06 RW 02,Sebuah Rumah Warga,3 (Tiga) Buah Rumah,Percikan Dari Korek Api,-,3,3 Pancar 1 Tangki 1 Rescue 1 Komando 1 Motoris 1 PMI,16,-,900000000,24
32.73.03,Babakan Ciparay,32.73.03.1004,Margahayu Utara,14 April 2020,21.39 - 22.16 ,Jl. Kasturi C4 No. 5 (Komplek Pasadena) RT 05 RW 11,Sebuah Kamar Rumah 2 Lantai,4 (Empat) Buah Rumah,Korsleting Listrik,-,-,2 Pancar 1 Rescue 1 Komando,8,-,928000000,9
32.73.03,Babakan Ciparay,32.73.03.1004,Margahayu Utara,15 April 2020,20.16 - 20.45 ,Jl. Terusan Cibolerang No. 178 Blok AI,Gudang Besi Baja (Bangunan material kayu),Bangunan Lainnya,Masih Dalam Penyelidikan,-,-,1 Pancar 2 PMI,8,-,500000000,3
32.73.30,Mandalajati,32.73.30.1003,Pasir Impun,15 April 2020,16.00 - 16.30 ,Jl. Pasir Impun Gg. Mesjid Al-Musyawarah RT 02 RW 03,Sebuah Kamar Rumah 2 Lantai,4 (Empat) Buah Rumah,Masih Dalam Penyelidikan,-,-,1 Pancar 1  Rescue 1 Tangki 1 Komando 1 Dinkes,4,-,300000000,12
32.73.01,Sukasari,32.73.01.1001,Sukarasa,2 April 2020,01.50 - 02.50 ,Jl. Setrasari Indah No. 19A RT 05 RW 02,Gudang dan Bengkel Mebel,Bagian Gudang  Lainnya,Masih Dalam Penyelidikan,-,-,3 Pancar 1 Rescue 1 Tangki  1 Komando 1 Dinkes,16,-,7700000000,120
32.73.17,Bojongloa Kidul,32.73.17.1001,Situsaeur,20 April 2020,07.18 - 07.45 ,Jl. Nyengseret No. 509 RT 03 RW 04,Sebuah Rumah,3 (Tiga) Buah Rumah,Masih Dalam Penyelidikan,-,1,1 Pancar 1 Komando,-,-,367500000,6
32.73.03,Babakan Ciparay,32.73.03.1001,Babakan Ciparay,22 April 2020,00.30 - 01.40 ,Jl. Pasadena 177A RT 02 RW 03,Sebuah Bengkel Motor,3 (Tiga) Buah Toko,Masih Dalam Penyelidikan,-,2,7 Pancar 1 Rescue 1 Komando 1 Dinkes 1 PMI,28,-,1185000000,18
32.73.24,Arcamanik,32.73.24.1002,Cisaranten Bina Harapan,23 April 2020,21.50 - 22.11 ,Jl. Cicukang No. 20 RT 04 RW 08,Gas Bocor,Sebuah rumah,Kebocoran Tabung Gas,-,-,1 Komando,-,-,-,-
32.73.30,Mandalajati,32.73.30.1001,Jatihandap,26 April 2020,03.55 - 05.00 ,Jl. Jati Handap Gg. H. Saodah  No. 153 RT 04 RW 06,Sebuah Rumah Warga,3 (Tiga) Buah Rumah,Masih Dalam Penyelidikan,-,-,2 Pancar 1 Tangki 1 Rescue,8,-,1543500000,120
32.73.13,Lengkong,32.73.13.1007,Cikawao,27 April 2020,10.50 - 12.55 ,Jl. Melong Kidul No. 33 RT . 04 RW 02,Sebuah Rumah Kosong,3 (Tiga) Buah Rumah,Masih Dalam Penyelidikan,-,-,2 Pancar 1 Rescue 1 Tangki 1 Komando 1 Dinkes,,,100000000,50
32.73.05,Andir,32.73.05.1001,Maleber,30 April 2020,20.15 - 21.00 ,Jl. Sudirman RT 01 RW 10,Kabel Telekomunikasi,-,Korsleting Listrik,-,-,1 Pancar 1 Komando,4,-,-,-
32.73.05,Andir,32.73.05.1006,Campaka,4 April 2020,08.30 - 08.29 ,Jl. Babakan Cianjur No. 66 RT 02 RW 07,Sebuah Rumah Bagian Dapur,3 (Tiga) Buah Rumah,Masih Dalam Penyelidikan,-,11,1 Pancar,-,-,450000000,3
32.73.12,Batununggal,32.73.12.1005,Kebon Waru,5 April 2020,08.30 - 09.00 ,Jl. Banten No. 6 RT 07 RW 07,Gardu Listrik,-,Korsleting Listrik,-,-,1 Pancar 1 Rescue 1 Komando,4,-,-,2
32.73.04,Bojongloa Kaler,32.73.04.1005,Suka Asih,8 April 2020,09.02 - 10.30 ,Jl. Peta Blok Q 19 RT 09 RW 10 (Komplek Bumi Kopo Kencana),Ruko Tempat Pembuatan Liquid Vape,2 (Dua) Buah Ruko dan Gudang Kain,Masih Dalam Penyelidikan,-,-,4 Pancar 1 Rescue 1 Komando 1 PMI 1 Dinkes,16,-,2610000000,100
32.73.03,Babakan Ciparay,32.73.03.1006,Cirangrang,02 Mei 2020,14.10 - 14.40 ,Perumahan Kopo Elok Gg. Sayang kaang RT 03 RW 04,Rumah Semi Permanen,4 (Empat) Buah Rumah,Masih Dalam Penyelidikan,-,-,2 Pancar 1 Rescue 1 Komando,-,-,345100000,24
32.73.18,Cibeunying Kaler,32.73.18.1004,Cigadung,06 Mei 2020,12.10 - 14.25 ,Jl. Cigadung Raya Barat No. 26 RT 02/02,Sebuah Kamar Kost,2 (Dua) Buah Kamar Kost Lainnya,Masih Dalam Penyelidikan,-,-,1 Pancar 1 Komando,-,-,100000000,12
32.73.19,Sumur Bandung,32.73.19.1004,Babakan Ciamis,06 Mei 2020,18.00 - 20.45 ,Kantor BPPD Kota Bandung Jl. Wastukencana No. 2,Lantai Mengeluarkan Asap,Lantai 1 Kantor BPPD Kota Bandung,Masih Dalam Penyelidikan,-,-,1 Pancar 1 Rescue 1 Komando,-,-,500000000,50
32.73.18,Cibeunying Kaler,32.73.18.1002,Sukaluyu,07 Mei 2020,06.00 - 06.30 ,Jl. Cikutra Barat No. 1 E,Sebuah Kipas Angin di Bengkel Moscow,Bagian Gedung Bengkel dan 8 Unit Motor,Diduga Dari Kipas Angin Masih Menancap Di Stop Kontak,-,-,2 Pancar 1 Rescue 1 Komando,-,-,400000000,1
32.73.15,Bandung Kulon,32.73.15.1003,Warung Muncang,13 Mei 2020,17.40 - 19.30 ,Jl. Nana Rohana No. 51 RT 07 RW 01,Sebuah Pabrik Kerupuk (PD. Mujur Snack) dan  Gudang Mei Bihun  (PT. Jayakarta),2 (Dua) BuahGudang Lainnya,Masih Dalam Penyelidikan,-,-,9 Pancar 1 Rescue 3 Tangki 1 Komando 1 PMI 1 Dinkes,48,-,3500000000,550
32.73.23,Rancasari,32.73.23.1003,Manjahlega,13 Mei 2020,19.35 - 20.15 ,Jl. Saturnus Barat I No. 2 RT 03 RW 15,Sebuah Kasur Bekas di Dalam Gudang,Sebuah Rumah,Masih Dalam Penyelidikan,-,-,1 Pancar,-,-,630000000,4
32.73.18,Cibeunying Kaler,32.73.18.1004,Cigadung,15 Mei 2020,07.22 - 07.50 ,Jl. Ekologi No. 4 RT 03 RW 07,Kabel Listrik,-,Korsleting Listrik,-,-,1 Pancar 1 Rescue,-,-,-,-
32.73.24,Arcamanik,32.73.24.1003,Cisaranten Kulon,17 Mei 2020,19.10 - 20.40 ,Jl. Soekarno Hatta  (Samping Kanan Apartemen Panoramic),2 (Dua) Buah Rumah ,Sebuah Rumah dan Jalan Raya,Masih Dalam Penyelidikan,-,-,4 Pancar 1 Rescue 2 Tangki 4 Komando  1 Dinkes,24,-,35000000,600
32.73.11,Regol,32.73.11.1005,Ciseureuh,20 Mei 2020,01.55 - 03.15 ,Jl. Moh Toha 355-357 RT 01 RW 06,2 (Dua) Buah Ruko, 1 Unit Mobil  dan 1 Unit Motor - 2 (Dua) Buah  Showroom dan Bengkel Ketok Magic,Masih Dalam Penyelidikan,-,-,5 Pancar 1 Rescue 2 Tangki 1 Komando 1 PMI,28,-,1400000000,100
32.73.03,Babakan Ciparay,32.73.03.1002,Babakan,21 Mei 2020,11.18 - 12.30 ,Jl. Holis No. 147 B,Sebuah Gudang Majun,Bangunan Lainnya,Masih Dalam Penyelidikan,-,-,6 Pancar 1 Rescue 3 Komando 1 PMI 1 Dinkes,24,-,500000000,50
32.73.20,Antapani,32.73.20.1005,Antapani Kidul,22 Mei 2020,13.50 - 14.15 ,Jl. PuRW akaRT a No. 123 RT 04 RW 01,Sebuah Bengkel Tambal Ban dan Toko Kelontong,Bagian Counter Handphone dan Warung Bakso,Masih Dalam Penyelidikan,-,-,1 Pancar 1 Rescue 2 Tangki 2 Komando,4,-,100000000,18
32.73.14,Cibeunying Kidul,32.73.14.1003,Cicadas,24 Mei 2020,13.15 - 13.55 ,Jl. Sukarasa No. 50 Gg. Pipit RT 04/09,Sebuah Rumah,2 (Dua) Buah Rumah Lainnya,Diduga Dari Kebocoran  Tabung Gas,-,2,1 Pancar 1 Rescue 1 Tangki 1 Komando 1 PMI,-,-,150000000,36
32.73.12,Batununggal,32.73.12.1006,Kebon Gedang,30 Mei 2020,23.05 - 23.45 ,Kolong Jembatan Fly Over Kiaracondong Jl. Ibrahim adjie 202,Tumpukan Sampah,Jembatan Fly Over Kiaracondong,Pembakaran Sampah,-,-,1 Pancar 1 Rescue 1 Tangki 1 Komando,8,-,-,5
32.73.08,Cidadap,32.73.08.1003,Ledeng,02 Juni 2020,17.20 - 17.45 ,Jl. Setiabudi RT 01 RW 02,Tiang Listrik,Pos Satpam Hotel Casaglandrea,Korsleting Listrik,-,-,1 Pancar,4,-,12000000,-
32.73.13,Lengkong,32.73.13.1001,Cijagra,10 Juni 2020,08.02 - 08.30 ,Jl. Buah Batu (Depan Polsek Lengkong) RT 01 RW 03,Warung Pecel Lele (Bagian Dapur) dan Counter Pulsa,2 (Dua) Buah  Toko Lainnya,Kebocoran Tabung Gas,-,-,2 Pancar 1 Rescue 1 Komando 1 Dinkes,4,-,101500000,10
32.73.14,Cibeunying Kidul,32.73.14.1004,Sukamaju,12 Juni 2020,07.20 - 08.00 ,Jl. Terusan Citamiang No. 8 RT 05 RW 10,Sebuah Rumah Bagian Kamar,Bagian Ruangan Lainnya,Diduga Dari Lilin,-,-,2 Pancar 1 Rescue,-,-,500000000,12
32.73.15,Bandung Kulon,32.73.15.1004,Caringin,17 Juni 2020,22.15 - 23.20 ,Jl. Holis No. 258 (Dekat Rumah Duka Bumi Baru),Sebuah Rumah (Bagian Kamar),Sebuah Rumah,Masih Dalam Penyelidikan,-,-,5 Pancar 1 Rescue 1 Tangki 1 Komando 1 PMI 1 Dinkes,24,-,1200000000,70
32.73.24,Arcamanik,32.73.24.1004,Cisaranten Endah,18 Juni 2020,22.35 - 23.25 ,Jl. Pawenang 2 RT 03 RW 05,Sebuah Rumah,3 (Tiga) Buah  Rumah Lainnya,Korsleting Listrik,-,1,2 Pancar 1 Komando,4,-,500000000,28
32.73.22,Buahbatu,32.73.22.1003,Cijaura,20 Juni 2020,17.55 - 18.45 ,Jl. Ters. Ibrahim Adjie No. 56 RT 03/02,Sebuah Rumah,Sebuah Showroom Mobil Esa Motor,Korsleting Korsleting,-,-,3 Pancar 1 Rescue 2 Komando 1 PMI,8,-,2000000000,80
32.73.13,Lengkong,32.73.13.1005,Turangga,20 Juni 2020,15.25 - 16.00 ,Jl. Lodaya No. 36 (Restoran Daleman),Sebuah Restoran Daleman Bagian  Dapur Kompor Gas,Bagian Restoran  Lainnya,Kebocoran Tabung Gas,-,-,1 Pancar 1 Rescue 1 Komando,4,-,100000000,6
32.73.15,Bandung Kulon,32.73.15.1006,Gempol Sari,21 Juni 2020,14.10 - 15.45 ,Jl. Dirgantara 3 No. 90 RT 07 RW 05,Sebuah Rumah Difungsikan Sebagai Home Indrustri Konveksi Kaos,3 (Tiga) Buah Rumah Lainnya,Masih Dalam Penyelidikan,-,-,3 Pancar 1 Komando 2 Pancar Cimahi 1 Rescue  Cimahi 1 Komando Cimahi,12,-,1787500000,200
32.73.21,Bandung Kidul,32.73.21.1003,Mengger,23 Juni 2020,15.47 - 16.10 ,Jl. Butununggal Indah 1 (Samping Lapang Batununggal),Sebuah Kendaraan Roda 2 (D 6552 AV),-,Diduga Dari Kebocoran  Bahan Bakar,-,-,1 Pancar 1 Komando,4,-,-,-
32.73.01,Sukasari,32.73.01.1002,Gegerkalong,28 Juni 2020,19.25 - 21.05 ,Jl. Setiabudi No. 149,Sebuah Mini Market (Indomaret),Sebuah Hotel dan R.M Padang,Masih Dalam Penyelidikan,-,-,3 Pancar 1 Rescue 2 Tangki 1 MVU 1 Komado,20,-,1276000000,80
32.73.07,Sukajadi,32.73.07.1001,Pasteur,05 Juli 2020,18.44 - 19.50 ,Jl. Rikrik No. 16 RT 03 RW 08,Sebuah Rumah Bagian Atap dan Water Heater,Bangunan Rumah Lainnya,Diduga Dari Water Heater  Masih Menyala,-,-,3 Pancar 1 Rescue 1 Komando 1 PMI,4,-,2500000000,5
32.73.09,Bandung Wetan,32.73.09.1002,Taman Sari,06 Juli 2020,16.55 - 17.55 ,Jl. Kebon Kembang RT 05 RW 05,Sebuah Bedeng bekas bangunan rumah,-,Dalam Penyelidikan,-,-,2 Pancar 1 Rescue 1 Tangki 1 Komando 1 PMI 1 Dinkes,12,-, -,140
32.73.12,Batununggal,32.73.12.1007,Samoja,06 Juli 2020,08.25 - 09.55 ,Jl. Cinta Asih No. 147 RT 05 RW 05,Sebuah Home Industri (Pembuatan Batagor),3 (Tiga) Buah Rumah,Dalam Penyelidikan,-,3,1 Pancar 1 Komando 1 PMI,-,-,10000000,25
32.73.23,Rancasari,32.73.23.1001,Cipamokolan,06 Juli 2020,00.30 - 00.50 ,Jl. Kali Cipamokolan Rancaloa RT 03/02,Sebuah Rumah Bagian Dapur,3 (Tiga) Buah Rumah,Diduga Dari Sisa Pembakaran,-,-,2 Pancar,4,-,1000000000,10
32.73.18,Cibeunying Kaler,32.73.18.1004,Cigadung,11 Juli 2020,12.46 - 13.20 ,Jl. Cikutra Barat No. 44 RT 06 RW 12 (Chibenk Motor),Sebuah kendaraan roda 2 dan atap kanopi plastik (di garasi),-,Korsleting Listrik,-,-,2 Pancar 1 Rescue 1 Komando,-,-,500000000,2
32.73.14,Cibeunying Kidul,32.73.14.1004,Sukamaju,11 Juli 2020,21.00 - 22.40 ,Jl. Cisebe No. 33 RT 12 RW 07,Sebuah Rumah Kosong,3 (Tiga) Buah Rumah,Dalam Penyelidikan,-,-,5 Pancar 3 Tangki 2 Rescue 3 Komando 1 PMI 1 Dinkes,28,-,5100000000,150
32.73.06,Cicendo,32.73.06.1004,Pasirkaliki,14 Juli 2020,11.45 - 12.30 ,Jl. Cicendo Gg. Polisi Dalam No. 98A RT 03 RW 05,Sebuah Rumah,3 (Tiga) Buah Rumah,Kebocoran Gas,-,1,2 Pancar 1 Komando,-,-,50000000,2
32.73.01,Sukasari,32.73.01.1002,Gegerkalong,19 Juli 2020,07.05 - 07.25 ,Jl. Sindang Sirna No. 14 RT 05 RW 06,Sebuah kios rokok,Bagian kios lainnya,Dalam Penyelidikan,-,-,2 Pancar 1 Komando,-,-,33600000000,6
32.73.14,Cibeunying Kidul,32.73.14.1004,Sukamaju,21 Juli 2020,08.23 - 09.25 ,Jl. Sadireja No. 357/41 RT 04 RW 03,Sebuah Rumah 2 lantai,3 (Tiga) Buah Rumah,Dalam Penyelidikan,-,-,4 Pancar 1 Tangki 1 Rescue 1 Komando 1 PMI,20,-,845600000,20
32.73.20,Antapani,32.73.20.1004,Antapani Tengah,24 Juli 2020,02.25 - 04.00 ,Jl. Cibodas Raya (Saeuran) RT 04 RT 22,Tumpukan sampah dan alang-alang,-,Pembakaran Sampah,-,-,1 Pancar 2 Tangki 1 Komando,12,-, -,500
32.73.13,Lengkong,32.73.13.1001,Cijagra,24 Juli 2020,13.30 - 14.15 ,Jl. Soekarno Hatta (Perempatan Buah Batu),Lahan Alang-alang,-,Gesekan Antara Alang-Alang Kering,-,-,6 Pancar 1 Rescue 1 PMI,24,-, -,1300
32.73.17,Bojongloa Kidul,32.73.17.1004,Mekar Wangi,25 Juli 2020,11.52 - 13.20 ,Taman Mekar Abadi I No. 62 RT 03 RW 06,Sebuah Home Industri Kosmetik,3 (Tiga) Buah Rumah,Dalam Penyelidikan,-,-,6 Pancar 2 Tangki 2 Rescue 1 Komando 1 Dinkes 1 PMI,32,-,5000000000,120
32.73.24,Arcamanik,32.73.24.1003,Cisaranten Kulon,26 Juli 2020,20.00 - 21.10 ,Jl. Cisaranten Kulon RT 01 RW 09,Warung Nasi Tegal,Warung nasi Goreng -  Warung Sayuran dan Ruko Kosong - 2 Buah Ruko Lainnya,Masih Dalam Penyelidikan,-,-,3 Pancar 1 Rescue 2 Tangki 1 Komando 1 PMI 1 Dinkes,20,-,200000000,735
32.73.07,Sukajadi,32.73.07.1002,Cipedes,26 Juli 2020,10.38 - 10.46 ,Jl. Cipedes  Tengah No. 448,Sebuah Tangki Motor dan Jok,Sebuah Rumah,Masih Dalam Penyelidikan,-,-,2 Pancar 1 Komando 1 Dinkes,-,-,1500000000,-
32.73.05,Andir,32.73.05.1006,Campaka,31 Juli 2020,21.10 - 21.45 ,Jl. Babakan Cianjur (Samping Runway Barat Bandara Husaein Sastranegara) RT 06 RW 06,Sebuah Rumah Semi Permanen,3 bauah Rumah,Masih Dalam Penyelidikan,-,-,6 Pancar 1 Rescue 1 Tangki 1 Komando 1 PMI 1 Dinkes,28,-,1324000000,42
32.73.21,Bandung Kidul,32.73.21.1004,Kujangsari,31 Juli 2020,11.00 - 11.40 ,Jl. Terusan Buah Batu No. 180 RT 03/01,Lahan Kosong,2 Buah Toko dan Sebuah Rumah,Masih Dalam Penyelidikan,-,-,5 Pancar 1 Rescue 2 Komando,20,-,266800000,25
32.73.22,Buahbatu,32.73.22.1003,Cijaura,31 Juli 2020,12.02 - 13.35 ,Perumahan Margawangi Estate Jl. Margawangi Selatan V RT 08/13,Lahan Kosong,Sebuah Pabrik dan 2 Buah Rumah,Masih Dalam Penyelidikan,-,-,2 Pancar,8,-,300000000,200
32.73.23,Rancasari,32.73.23.1002,Derwati,03 Agustus 2020,14.00 - 16.50,Jl. Derwati RT 05 RW 05 (Sebelum Jembatan Arah Sapan) ,Lahan Kosong,Sebuah Pabrik,Masih Dalam Penyelidikan,-,-,2 Pancar 1 Komando,8,-,120000000,1800
32.73.17,Bojongloa Kidul,32.73.17.1006,Cibaduyut Wetan,06 Agustus 2020,02.29 - 03.22,Jl. Cibaduyut Raya Gg.h Saleh RT 01 RW 01,Sebuah Rumah/Difungsikan  Sebagai Gudang Spons,3 Buah Rumah,Masih Dalam Penyelidikan,-,-,2 Pancar 1 Rescue,-,-,1148000000,6
32.73.22,Buahbatu,32.73.22.1004,Jati Sari,06 Agustus 2020,11.12 - 11.45,Jl. Kawaluyaan Utara RT 06 RW 06 (PT. Gudang Garam),Lahan Kosong,PT. Gudang Garam Bengkel Prambanan Rumah Makan Pom Mini dan Pendangan Soto & Sate,Masih Dalam Penyelidikan,-,-,2 Pancar 1 Komando,8,-,2500000000,20
32.73.23,Rancasari,32.73.23.1001,Cipamokolan,07 Agustus 2020,12.40 - 13.00,Jl. Parakan Saat 1 RT 01 RW 01,Rumah Makan,Sebuah Warung Nasi Nasi Euis,Kebocoran Regulator Gas,-,-,1 Pancar,-,-,10000000,10
32.73.17,Bojongloa Kidul,32.73.17.1006,Cibaduyut Wetan,09 Agustus 2020,20.05 - 22.05,Jl. Terusan Cibaduyut (Terminal Cibadyut),Kabel Telkom,Sebuah Warung dan 2 Buah Rumah,Masih Dalam Penyelidikan,-,-,1 Pancar,4,-,429200000,-
32.73.06,Cicendo,32.73.06.1001,Husein Sastranegara,09 Agustus 2020,01.00 - 01.15,Jl. Abdulrahman Saleh,Kios Polet Motor/Skotlait,Sebuah Rumah,Korek Gas Yang Meledak,-,-,1 Pancar,4,-,672000000,3
32.73.16,Kiaracondong,32.73.16.1005,Babakan Sari,09 Agustus 2021,17.48 - 18.30,Jl. Mekar Sari RT 04 RW 17,Lahan Kosong,-,Diduga Dari Diakibatkan Cuaca Panas,-,-,1 Pancar 1 Rescue,4,-,-,300
32.73.03,Babakan Ciparay,32.73.03.1003,Sukahaji,11 Agustus 2020,21.18 - 21.40,Jl. Babakan Ciparay Gg. Ibu Asih No. 11 RT 06 RW 02,Kabael di Tiang Listrik,-,Konsleting Listrik,-,-,1 Pancar,4,-,-,1
32.73.28,Panyileukan,32.73.28.1004,Cipadung Kidul,11 Agustus 2020,08.50 - 23.00,PT. Longdi Jl. Raya Ciapdung KN. 12,Panyileukan,Pabrik Gudang Produksi (Dudang Garuk) - Bagian Gudang Pabrik Lainnya,Konsleting Listrik,-,-,5 Pancar 3 Tangki 2 Rescue 1 QR 4 Komando Bantuan 3 P. Kab.Bdg 1 P.Pt  Sejahtera  Bintang Abadi 1 P.Pt  Kasta  Timbul Spinning Mill 1 P.Pt  Bintang Agung 1 PMI 1 Dinkes,88,-,1120000,1000
32.73.23,Rancasari,32.73.23.1004,Mekar Jaya,15 Agustus 2020,11.56 - 13.05,Jl. Ciwatra No. 86 RT 01 RW 07 ( Harmony Park),Lahan Kosong,Komplek Jingga TB Tresnako -  Kom Harimony Park dan Sebeah Rumah Warga,Masih Dalam Penyelidikan,-,-,2 Pancar,8,-,5900000,1000
32.73.03,Babakan Ciparay,32.73.03.1004,Margahayu Utara,16 Agustus 2020,10.00 - 10.50,Jl. Raya Kopo Gg. Bapak Nasih RT 01 RW 01,Rumah,3 Buah Rumah,Rambatan Dari Pembakaran,-,-,3 Pancar 1 Komando,12,-,1500000,35
32.73.24,Arcamanik,32.73.24.1004,Cisaranten Endah,19 Agustus 2020,22.52 - 00.20,Jl. Sumber Sari RT 02 RW 08,Sebuah Rumah,3 Buah Rumah,Konsleting Listrik,-,-,3 Pancar 1 Rescue 1 Tangki 1 PMI 1  Dinkes,16,-,1100000,40
32.73.24,Arcamanik,32.73.24.1003,Cisaranten Kulon,24 Agustus 2020,11.56 - 12.50,Jl. Cisaranten Kulon IV No. 27 RT 07 RW 05,Sebuah Rumah Kosong,2 Buah Rumah,Masih Dalam Penyelidikan,-,-,4 Pancar 1 Rescue 1 Komando 1 PMI 1 Dinkes 1 Pancar Bintang Agung,12,-,1740000000,100
32.73.09,Bandung Wetan,32.73.09.1002,Taman Sari,25 Agustus 2020,18.46 - 19.20,Jl. Cihampelas Gg. Bongkaran RT 03 RW 15 ,Tumpukan Samoah,-,Masih Dalam Penyelidikan,-,-,1 Tangki 1 Rescue,4,-,-,22
32.73.22,Buahbatu,32.73.22.1002,Margasari,25 Agustus 2020,20.24 - 21.45,Komp. Mega Brata No. 130 RT 03 RW 11,Sebuah Rumah,3 Buah Rumah,Masih Dalam Penyelidikan,-,-,4 Pancar 1 Rescue 1 Komando 1 PMI,16,-,1400000000,121
32.73.25,Cibiru,32.73.25.1003,Cipadung,25 Agustus 2020,11.55 - 12.50,Jl. Farmaklogi/ Sekegenjer RT 03 RW 08,Tumpukan Sampah dan Alang alang,-,Masih Dalam Penyelidikan,-,-,2 Pancar 1 Rescue 1 Komando,8,-,-,32
32.73.24,Arcamanik,32.73.24.1002,Cisaranten Bina Harapan,27 Agustus 2020,12.40 - 13.15,Jl. Bojongloa Kaler ( Seberang SMAN 24 Bandung) RT 03 RW 04,Lahan Kosong dan Alang alang,3 Buah Rumah,Masih Dalam Penyelidikan,-,-,2 Pancar Timur 1 Komando,8,-,6960000000,500
32.73.04,Bojongloa Kaler,32.73.04.1001,Kopo,27 Agustus 2020,10.11 - 10.25,Jl. Caringin RT 05 RW 02,Lahan Kosong dan Tumpukan Samapah,3 Buah Rumah,Masih Dalam Penyelidikan,-,-,2 Pancar,8,-,1000000000,24
32.73.05,Andir,32.73.05.1006,Campaka,28 Agustus 2020,16.20 - 17.00,Jl. Babakan Cianjur No. 57 RT 04 RW 07,Sebuah Rumah Kontrakan  Bagian Kamar Lantai 2,4 Buah Kontrakan,Kebocoran Selang Kompor Gas,-,-,3 Pancar 1 Komando 1 Dinkes,4,-,30000000,12
32.73.20,Antapani,32.73.20.1004,Antapani Tengah,28 Agustus 2020,20.45 - 22.00,Jl. Cibodas Raya RT 04 RW 22 ,Tumpukan Samapah dan Material Barang Bekas,-,Pembakaran Sampah,-,-,1 Pancar 1 Tangki 1 Rescue 1 Komando,8,-,-,5
32.73.19,Sumur Bandung,32.73.19.1002,Merdeka,30 Agustus 2020,20.35 - 11.10,Jl. Gudang Selatan No. 01 RT 03 RW 07 ,Gedung PALDAM (Bagian Atap),Bagian Tempat Parkir dan Gudang Kayu,Kosleting Listrik,-,-,2 Pancar 1 Rescue 1  Tangki,12,-,870000000,20
32.73.11,Regol,32.73.11.1002,Ancol,31 Agustus 2020,03.19 - 04.30,Jl. Pasir Salam No. 01 RT 03 RW 07,Lahan Penyimpanan Barang Bekas,2 Buah Rumah,Kosleting Listrik,-,-,2 Pancar 1 Rescue 1 Tangki 1 Komando 1 PMI,12,-,804000000,200
32.73.27,Gedebage,32.73.27.1002,Cisaranten Kidul,1 September 2020,12.10 - 12.45 ,Jl. Soekarno Hatta No. 723,Lahan Alang-alang,-,Diduga Dari Pembakaran Sampah,-,-,3 Pancar 1 Komando,12,-, -,280
32.73.14,Cibeunying Kidul,32.73.14.1005,Sukapada,2 September 2020,04.00 - 05.20 ,Jl. Bojong Koneng No. 4 RT 01 RW 12,3 (Tiga) Buah Toko dan Sebuah Rumah,Sebuah Toko dan Sebuah Rumah,Masih Dalam Penyelidikan,-,-,4 Pancar 2 Rescue 3 Tangki 1 Komando 1 PMI,28,-,688800000,65
32.73.14,Cibeunying Kidul,32.73.14.1001,Padasuka,3 September 2020,01.55 - 02.20 ,Jl. Jendral Ahmad Yani,Kios Tambal Ban,Tiga Buah Toko,Korsleting Listrik,-,-,2 Pancar 1 Rescue 1 PMI,8,-,200000000,2
32.73.24,Arcamanik,32.73.24.1003,Cisaranten Kulon,4 September 2020,10.25 - 11.20 ,Jl. Cingised No. 9 RT 06 RW 03,Gudang Kapas dan Kain Perca Untuk  Bahan Pembuatan Kasur,Gedung Lainnya,Masih Dalam Penyelidikan,-,2,3 Pancar 1 Rescue 1 Tangki 1 Komando,16,-,392000000,100
32.73.12,Batununggal,32.73.12.1004,Kacapiring,4 September 2020,00.25 - 01.10 ,Enzo Kitchen Factory Jl. Sukabumi No. 34,Gudang Pembuatan Furnitur,Bagian Gudang Lainnya,Masih Dalam Penyelidikan,-,-,4 Pancar 1 Rescue 3 Tangki  1 Komando 1 PMI 1 Dinkes,28,-,100000000,120
32.73.25,Cibiru,32.73.25.1004,Palasari,5 September 2020,18.15 - 20.00 ,Jl. Cilengkrang I (Sebrang Gedung Kelompok Bermain Ar-Rofi) RT 03/04,Perkebunan Bambu Dan Alang-alang,-,Masih Dalam Penyelidikan,-,-,3 Pancar 1 Rescue,12,-, -,1200
32.73.29,Cinambo,32.73.29.1004,Babakan Penghulu,5 September 2020,13.50 - 14.25  ,Jl. Rumah Sakit  (Patokan Perempatan Gedebage) ,Lahan Kosong dan alang-alang ,-,Masih Dalam Penyelidikan,-,-,2 Pancar 1 Rescue,8,-,2960000000,500
32.73.24,Arcamanik,32.73.24.1003,Cisaranten Kulon,6 September 2020,10.48 - 13.10 ,Komplek Mitra Manunggal No. 112 Jl. Cisaranten Kulon RT 06/07,Sebuah Rumah Kosong,3 (Tiga) Buah Rumah,Masih Dalam Penyelidikan,-,-,3 Pancar 3 Tangki 1 Rescue 1 Komando 1 Dinkes,,,200000000,130
32.73.10,Astanaanyar,32.73.10.1006,Pelindung Hewan,6 September 2020,20.35 - 01.10 ,Jl. Otto Iskandardinata RT 02/03,13 (Tiga Belas) Ruko, Sebuah rumah dan  Gudang penyimpanan roda - 3 (Tiga) Buah Toko dan 3 (Tiga) Buah Rumah,Masih Dalam Penyelidikan,-,-,14 Pancar 3 Tangki 2 Rescue 1 Snorkel 1 Quick Respon 5 Komando 2 PMI 2 Dinkes,72,-,3050000000,670
32.73.06,Cicendo,32.73.06.1003,Pajajaran,9 September 2020,13.46 - 15.20 ,Jl. Junjunan Dalam I RT 08/03,5 (Lima) Buah Rumah,12 (Dua Belas) Buah Rumah,Masih Dalam Penyelidikan,-,-,6 Pancar 1 Rescue 2 Tangki 2 Komando 1 Pancar Husein 1 Pmi 1 Dinkes,36,-,1900000000,150
32.73.24,Arcamanik,32.73.24.1004,Cisaranten Endah,10 September 2002,00.20 - 01.10 ,Jl. Volley Pantai VI RT 03/01 ,Lahan Alang-alang dan Pohon Bambu,-,Masih Dalam Penyelidikan,-,-,2 Pancar 1 Rescue,8,-,5000000,100
32.73.14,Cibeunying Kidul,32.73.14.1005,Sukapada,10 September 2020,09.27 - 10.00 ,Jl. Terusan Cimuncang Pasir Leutik No. 7,Sebuah Toko Makanan (Sinar Karya Cimuncang),3 (Tiga) Buah Rumah,Masih Dalam Penyelidikan,-,-,3 Pancar 1 Rescue 2 Komando 1 Tangki,4,-,400000000,40
32.73.26,Ujungberung,32.73.26.1007,Pasanggrahan,10 September 2020,00.05 - 01.20 ,Jl. Paledang 9 Nagrog RT . 05/06,Sebuah Rumah,3 (Tiga) Buah Rumah,Masih Dalam Penyelidikan,-,-,2 Pancar 1 Rescue 1 Tangki 1 Komando,12,-,500000000,70
32.73.05,Andir,32.73.05.1003,Ciroyom,14 September 2020,10.21 - 11.30 ,Jl. Andir Swadaya No. 21 (Dekat SMA Rajawali) RT 02/09,Sebuah Rumah,3 (Tiga) Buah Rumah,Masih Dalam Penyelidikan,-,-,3 Pancar 1 Rescue 1 PMI 1 Dinkes,12,-,1525400000,26
32.73.24,Arcamanik,32.73.24.1001,Sukamiskin,14 September 2020,18.44 - 19.30 ,Jl. Sepak Bola No. 1 RT 04/10,Kabel Listrik,-,Korsleting Listrik,-,-,1 Pancar 1 Rescue 1 Komando,-,-, -,-
32.73.29,Cinambo,32.73.29.1004,Babakan Penghulu,15 September 2020,18.44 - 19.30 ,Jl. Soekarno Hatta No. 815 (Sebrang Pom Bensin Gedebage),Sebuah Lahan Alang- alang,-,Masih Dalam Penyelidikan,-,-,2 Pancar 1 Komando,8,-, -,60000
32.73.27,Gedebage,32.73.27.1003,Rancabolang,16 September 2020,17.20 - 18.00 ,Jl. Gedebage Selatan,Sebuah Lahan Alang-alang,-,Masih Dalam Penyelidikan,-,-,2 Pancar 1 Komando,8,-, -,400
32.73.03,Babakan Ciparay,32.73.03.1004,Margahayu Utara,18 September 2020,15.08 - 16.10 ,Jl. Cibolerang No. 122 RT 02/06,Sebuah Rumah,3 (Tiga) Buah Rumah,Masih Dalam Penyelidikan,-,-,2 Pancar 1 Komando,8,-,1050000000,60
32.73.16,Kiaracondong,32.73.16.1005,Babakan Sari,18 September 2020,19.20 - 21.00 ,Jl. Babakan Sari 3 Gg. Kuntum Mekar 6 RT 06/15,4 (Empat) Buah Rumah,6 (Enam) Buah Rumah,Korsleting Listrik,-,-,3 Pancar 3 Tangki 2 Rescue 1 Komando 1 PMI 1 Dinkes,24,-,1300000000,92
32.73.22,Buahbatu,32.73.22.1002,Margasari,19 September 2020,14.30 - 15.07 ,Jl. Margaluyu Perum Graha Alam Raya Pkl. 14.30-15.07 WIB,Gardu Listrik,Sebuah Rumah,Korsleting Listrik,-,-,1 Pancar,-,-,80000000,2
32.73.25,Cibiru,32.73.25.1004,Palasari,19 September 2020,15.44 - 16.30 ,Cilengkrang 2 Jl. Margalayang 4 RT 07/12,Sebuah Rumah,3 (Tiga) Buah Rumah,Masih Dalam Penyelidikan,-,-,2 Pancar 1 Komando 1 Pancar 1 PMI 1 Damkar Cileunyi,8,-,939750000,90
32.73.08,Cidadap,32.73.08.1002,Ciumbuleuit,20 September 2020,01.47 - 03.50 ,Jl. Kolam RT 07/04,Sebuah Lahan Alang-alang,3 (Tiga) Buah Gedung Perkantoran,Masih Dalam Penyelidikan,-,-,1 Pancar 1 Rescue 2 Tangki 2 Komando  1 PMI,12,-,1120000000,100
32.73.17,Bojongloa Kidul,32.73.17.1001,Situsaeur,21 September 2020,17.41 - 18.10 ,Jl. Kopo  Pos Keluar DISHUB Leuwi Panjang,Kendaraan Roda 4 (Angkot),-,Korsleting Listrik,-,-,2 Pancar 1 komando,8,-, -,-
32.73.08,Cidadap,32.73.08.1003,Ledeng,21 September 2020,02.08 - 04.13 ,Jl. Setiabudhi (Depan Terminal Ledeng),Sebuah Mobil Minibus,-,Masih Dalam Penyelidikan,-,-,2 Pancar 2 Rescue 1 Komando,8,-, -,-
32.73.07,Sukajadi,32.73.07.1002,Cipedes,21 September 2020,13.00 - 13.40 ,Jl. Cipedes Tengah Gg. H. sanusi RT 04/06,Sebuah Rumah,3 (Tiga) Buah Rumah,Korsleting Listrik,-,-,1 Pancar 1 Komando 1 Dinkes,4,-,800000000,60
32.73.04,Bojongloa Kaler,32.73.04.1002,Babakan Tarogong,25 September 2020,07.50 - 08.40 ,Jl. Terusan Pasir Koja No. 79-81 RT 02/03,Sebuah Ruko,3 (Tiga) Buah Ruko,Korsleting Listrik,-,-,1 Pancar,4,-,10000000000,8
32.73.01,Sukasari,32.73.01.1004,Sarijadi,25 September 2020,08.58 - 09.50 ,Jl. Sarimanah No. 103 RT 10/09,Sebuah Rumah (warung nasi),3 (Tiga) Buah Rumah,Diduga Dari Penggorengan,-,-,1 Pancar 2 Tangki 1 Rescue 2 Komando,12,-,1080800000,75
32.73.23,Rancasari,32.73.23.1003,Manjahlega,27 September 2020,10.10 - 11.00 ,Jl. Venus Barat VIII No. 23 RT 03/01,Sebuah Rumah,3 (Tiga) Buah Rumah,Korsleting Listrik,-,-,3 Pancar 1 Tangki 1 Rescue 1 Komando,16,-,900000000,80
32.73.16,Kiaracondong,32.73.16.1004,Cicaheum,04 Oktober 2020,16.20 - 16.45 ,Jl. Ahmad Yani No. 806,Sebuah Pabrik PT. Tarumatex,Bangunan Pabrik Lainnya dan Indogrosir,Dalam Penyelidikan,-,-,2 Pancar 1 Rescue 1 Tangki 1 Komando,8,-,3304000000,350
32.73.30,Mandalajati,32.73.30.1004,Sindang Jaya,04 Oktober 2020,00.20 - 01.00 ,Jl. A.H. Nasution No. 291 RT 01 RW 12,Sebuah Mesin Pendingin Mini Market,Bangunan Mini Market,Korsleting Listrik,-,-,1 Pancar 1 Rescue,4,-,1500000000,-
32.73.04,Bojongloa Kaler,32.73.04.1001,Kopo,07 Oktober 2020,10.52 - 11.08 ,Jl. Caringin RT 05 RW 02,Sebuah Tempat Pembuangan Sampah,3 (Tiga) Buah Rumah,Dalam Penyelidikan,-,-,2 Pancar,8,-,400000000,15
32.73.16,Kiaracondong,32.73.16.1004,Cicaheum,13 Oktober 2020,09.10 - 09.35 ,Jl. Ahmad Yani No. 806,Sebuah Bengkel Las,Gudang Las,Kebocoran  Tabung Gas,-,-,3 Pancar 1 Rescue 2 Komando 1 TRC 1 Dinkes,4,-,20000000,16
32.73.11,Regol,32.73.11.1002,Ancol,13 Oktober 2020,15.32 - 16.00 ,Jl. Kembar Timur 6 No. 10,Sebuah Tabung Gas,Sebuah Rumah,Kebocoran  Tabung Gas,-,-,1  Motoris 1 Komando,-,-,500000000,
32.73.08,Cidadap,32.73.08.1001,Hegarmanah,14 Oktober 2020,21.45 - 22.30 ,Jl. Hegarmanah Gg. Madtaris RT 02 RW 08,Sebuah Rumah Semi Permanen,3 (Tiga) Buah Rumah,Dalam Penyelidikan,-,-,2 Pancar 1 Rescue 1 Komando 1 PMI 1 Dinkes,8,-,430000000,28
32.73.28,Panyileukan,32.73.28.1003,Cipadung Kulon,14 Oktober 2020,00.58 - 02.21 ,Jl. Pangaritan Gg. Widya No. 52 RT 03 RW 07,Sebuah Rumah Kontrakan  Bagian Kamar Lantai 2,3 (Tiga) Buah Rumah,Dalam Penyelidikan,-,-,2 Pancar 1 Komando,8,-,705600000,30
32.73.01,Sukasari,32.73.01.1002,Gegerkalong,16 Oktober 2020,08.53 - 09.20 ,Jl. Dr. Setiabudhi No. 188 Depan ENHAI,Sebuah Kendaraan Roda 4 Mercedesbenz B 1953 HT,-,Korsleting Listrik,-,-,2 Pancar 2 Komando,8,-, -,-
32.73.06,Cicendo,32.73.06.1002,Arjuna,17 Oktober 2020,19.57 - 20.25 ,Jl. Pasir Kaliki No. 65,Sebuah Panel Listrik Mini Market,Sebuah Mini Market,Dalam Penyelidikan,-,-,6 Pancar 1 Rescue 1 Komando 1 PMI,-,-,1305000000,-
32.73.07,Sukajadi,32.73.07.1004,Sukagalih,17 Oktober 2020,16.22 - 17.45 ,Jl. Sukamulya (Sebelah Hotel Aston Pasteur),9 (Sembilan) Buah Kios Semi Permanen,Kios Lainnya,Dalam Penyelidikan,-,-,6 Pancar 2 Tangki 2 Rescue 1 TRC 1 Komando 1 PMI,32,-,138000000,116
32.73.07,Sukajadi,32.73.07.1001,Pasteur,18 Oktober 2020,00.37 - 01.25 ,Jl. Dr. Junjunan ,Tumpukan Sampah,RSHS,Dalam Penyelidikan,-,-,2 Pancar 1 Komando,8,-,293000000000,15
32.73.15,Bandung Kulon,32.73.15.1005,Cigondewah Kaler,21 Oktober 2020,05.43 - 06.20 ,Jl. Taman Holis Indah Blok B1 No. 74 RT 04 RW 06,Bagian Dapur Sebuah Rumah,3 (Tiga) Buah Rumah,Kebocoran  Tabung Gas,-,-,3 Pancar 1 Rescue 1 Komando,-,-,1740900000,12
32.73.12,Batununggal,32.73.12.1004,Kacapiring,21 Oktober 2020,10.27 - 10.29 ,Jl. Sukabumi,Sebuah Dapur RM Sate ABG,Sebuah Rumah Makan,Dalam Penyelidikan,-,-,2 Pancar 1 Rescue,4,-,500000000,6
32.73.04,Bojongloa Kaler,32.73.04.1001,Kopo,22 Oktober 2020,15.48 - 16.40 ,Jl. Citarip Tengah RT 03 RW 09,Sebuah Kabel Tiang Listrik,3 (Tiga) Buah Rumah,Korsleting Listrik,-,-,1 Pancar,-,-,862400000,-
32.73.18,Cibeunying Kaler,32.73.18.1004,Cigadung,22 Oktober 2020,00.33 - 02.00 ,Jl. Cigadung Raya Barat Gg. Cipaheut Kaler RT 04 RW 02,Sebuah Rumah,4 (Empat) Buah Rumah,Korsleting Listrik,-,-,4 Pancar 1 Rescue 1 Komando 1 PMI 1 Dinkes,16,-,1080000000,28
32.73.28,Panyileukan,32.73.28.1002,Mekar Mulya,23 Oktober 2020,13.26 - 14.00 ,Jl. Rumah Sakit No. 7 (PT. PASTEX),Sebuah Mesin diesel (Sisa Oli),Sebuah Pabrik,Percikan Api Dari Alat Las,-,-,2 Pancar 1 Rescue 2 Komando,-,-,29653000000,12
32.73.02,Coblong,32.73.02.1005,Sekeloa,29 Oktober 2020,06.04 - 06.35 ,Jl. Bangbayang Didepan No. 9 RT 02/09,2 (Dua) Buah Kios,3 (Tiga) Buah Kios,Dalam Penyelidikan,-,-,2 Pancar 1 Komando 1 PMI 1 Dinkes,8, -,274400000,8
32.73.11,Regol,32.73.11.1003,Pungkur,29 Oktober 2020,12.52 - 13.35 ,Jl. Pasundan Gg. Natawijaya No. 4,Sebuah Rumah Bagian Dapur,4 (Empat) Buah Rumah,Kebocoran Tabung Gas,-,5,5 Pancar 1 Rescue 1 Komando 1 PMI,4,-,751100000,8
32.73.11,Regol,32.73.11.1002,Ancol,30 Oktober 2020,20.30 - 21.05 ,Jl. Sriwenda No. 18,Kepulan Asap Ditembok,Sebuah Rumah,Dalam Penyelidikan,-,-,1 Pancar 1 Rescue,-,-,200000000,2
32.73.08,Cidadap,32.73.08.1001,Hegarmanah,12 November 2020,11.22 - 12.00 ,Jl. Hegarmanah Cikendi RT 05/03,2 (Dua) Buah Kios,Dus Buah Kios,Diduga Dari Kebocoran  Tabung Gas,-,-,2 Pancar 1 Rescue 1 Tangki 2 Komando 1 PMI 1 Dinkes,16,-,56000000,10
32.73.30,Mandalajati,32.73.30.1002,Karang Pamulang,12 November 2020,13.09 - 05.20 ,PT. GRAND TEXTILE INDUSTRY Jl. A. H. Nasution KM 7 No. 127 ,Sebuah Pabrik Gudang  Penyimpanan Kapas,Tiga Buah Gudang,Masih Dalam Penyelidikan,-,-,11 Pancar 1 Rescue 3 Tangki 1 Motoris 1 Q Respon 4 Komando 1 PMI 1 Dinkes,168,-,3000000000,2800
32.73.04,Bojongloa Kaler,32.73.04.1003,Jamika,15 November 2020,14. 36 - 16.05 ,Jl. Pagarsih Gg. Mukalmi 1 08/03,5 (Lima) Buah Rumah,Tiga Buah Rumah,Diduga Dari Korsleting Listrik,-,1,4 Pancar 1 Rescue 2 Tangki 1 Komando 1 PMI,20,-,1982400000,210
32.73.20,Antapani,32.73.20.1004,Antapani Tengah,17 November 2020,14.55 - 15.20 ,Jl. Terusan JakaRT a No. 116 03/04,Lahan Alang-alang,-,Diduga Dari Pembakaran  Sampah,-,-,1 Pancar 1 Rescue 1 Tangki,8,-,100000000000,150
32.73.05,Andir,32.73.05.1005,Garuda,18 November 2020,11.30 - 11.45 ,Jl. Dadali 3 No. 7 RT 01 RW 03,Sebuah Industri Rumahan  (Kaos Kaki),Sebuah Rumah,Diduga Dari Kebocoran  Tabung Gas,-,-,2 Pancar,4,-,350000000,4
32.73.17,Bojongloa Kidul,32.73.17.1001,Situsaeur,18 November 2020,13.55 - 14.24 ,Jl. Leuwi Anyar 7 RT 09 RW 04,Sebuah Rumah 3 Lantai,Tiga Buah Rumah,Masih Dalam Penyelidikan,-,-,2 Pancar 1 Motoris 1 Komando,8,-,560000000,12
32.73.13,Lengkong,32.73.13.1007,Cikawao,21 November 2020,23.25 - 23.45 ,Jl. Kaum Dalam,Sebuah Kendaraan Roda 4 ( Daihatsu Sigra T 1257 GJ ),-,Masih Dalam Penyelidikan,-,-,1 Tangki 1 Rescue 1 Komando,4,-,-,-
32.73.02,Coblong,32.73.02.1001,Cipaganti,22 November 2020,09.42 - 10.40 ,Jl. Cihampelas No. 10 RT 03 RW 05,2 (Dua) Buah  Rumah Semi Permanen,Tiga Buah Rumah,Masih Dalam Penyelidikan,-,-,2 Pancar 1 Komando 1 Dinkes,8,-,1160000000,150
32.73.16,Kiaracondong,32.73.16.1005,Babakan Sari,24 November 2020,02.10 - 02.57 ,Jl. Ibrahim Adjie (Bawah Flyover),Tumpukan Sampah,-,Masih Dalam Penyelidikan,-,-,1 Tangki 1 Rescue 1 komando,4,-,-,5
32.73.23,Rancasari,32.73.23.1004,Mekar Jaya,29 November 2020,14.50 - 15.30 ,Jl. Haji Sanusi Kp. Rancacili 02/02,Sebuah Rumah,Dua Buah Rumah,Masih Dalam Penyelidikan,-,-,2 Pancar 1 Komando,8,-,500000000,14
32.73.09,Bandung Wetan,32.73.09.1001,Cihapit,30 November 2020,14.55 - 15.20 ,Jl. Citarum RT 02 RW 04,Sebuah Pohon Angsara,-,Masih Dalam Penyelidikan,-,-,1 Tangki 1 komando,4,-,-,1
32.73.22,Buahbatu,32.73.22.1001,Sekejati,30 November 2020,19.55 - 20.20 ,Komplek Margahayu Raya Jl. Jupiter 9 No. 6 Blok G2 06/02,Sebuah Rumah (Kompor),Lima Buah Rumah,Masih Dalam Penyelidikan,-,-,2 Pancar 1 Komando 1 PMI,-,-,1960000000,-
32.73.05,Andir,32.73.05.1006,Campaka,5 November 2020,16.30 - 16.52 ,Jl. Bojong Koneng No. 1 RT 06/06,Sebuah Rumah Bagian Dapur,Sebuah Rumah,Diduga Dari Kompor Gas,-,-,2 Pancar 1 Komando,-,-,300000000,1
32.73.22,Buahbatu,32.73.22.1001,Sekejati,5 November 2020,09.56 - 10.30 ,Jl. Meteor Raya RT 03 RW 05,Alat Penanak Nasi (Magic Com),Sebuah Rumah,Diduga Dari Magic Com Yang Over Heat,-,-,2 Pancar 2 Komando,-,-,1500000000,10
32.73.14,Cibeunying Kidul,32.73.14.1002,Cikutra,5 November 2020,21.45 - 22.50 ,Jl. Lemahneundeut I RT 03 RW 07,Sebuah Rumah Semi Permanen  dan 1 (Satu) Buah Kendaraan Roda 2,Tiga Buah Rumah,Masih Dalam Penyelidikan,-,-,4 Pancar 2 Tangki 1 Rescue 2 Komando 1 PMI 1 Dinkes,24,-,850000000,96
32.73.09,Bandung Wetan,32.73.09.1002,Taman Sari,02 Desember 2020,11.32 - 12.30 ,Jl. Tamansari No. 19A,Sebuah Rumah,Dua Buah Ruko dan Sebuah Rumah,Masih Dalam Penyelidikan,-,-,3 Pancar 1 Rescue 1 Komando 1 Motoris 1 PMI 1 Dinkes,12,-,2731800000,156
32.73.20,Antapani,32.73.20.1006,Antapani Wetan,04 Desember 2020,21.05 - 21.30 ,Jl. Tanjung Sari Asri Tengah No. 27,Sebuah Rumah  (Bagian Kamar Lt 1),Bangunan lainnya dan 3 Buah Rumah,Masih Dalam Penyelidikan,-,-,2 Pancar 1 Komando,-,-,1093300000,13
32.73.09,Bandung Wetan,32.73.09.1002,Taman Sari,04 Desember 2020,21.00 - 21.45 ,Jl. Tamansari RT 05 RW 04 (Jembatan Layang Pasopati),Sebuah Kendaraan Roda 4 (Honda Accord),-,Diduga Dari Korsleting Listrik,-,-,1 Pancar 1 Tangki 1 Rescue,8,-,-,-
32.73.07,Sukajadi,32.73.07.1002,Cipedes,05 Desember 2020,00.05 - 01.05 ,Jl. Cipedes Bawah Gg. Sanusi,Tabung Gas 3 Kg,Sebuah Rumah,Diduga Dari Kebocoran Tabung Gas,-,-,1 Pancar,-,-,20000000,-
32.73.11,Regol,32.73.11.1002,Ancol,06 Desember 2020,15.08 - 16.40 ,Jl. Pasir Luyu V Belakang No. 34 RT 01 RW 08,Rumah Kontrakan Semi Permanen (20 Kamar),Sebuah Kantor dan 3 Buah Rumah,Masih Dalam Penyelidikan,-,-,2 Pancar 3 Tangki 1 Rescue 1 Komando 1 PMI,20,-,6370000000,300
32.73.07,Sukajadi,32.73.07.1005,Sukabungah,08 Desember 2020,18.40 - 20.10 ,Jl. Cibarengkok 15 RT 06 RW 07,Sebuah Rumah Permanen Lt.3,3 Buah Rumah,Diduga Dari Lilin,-,-,3 Pancar 1 Tangki 1 Rescue 1 Komando 1 PMI 1 Dinkes,16,-,1000000000,21
32.73.08,Cidadap,32.73.08.1002,Ciumbuleuit,09 Desember 2020,20.38 - 23.50 ,Jl. Ranca Bulan 5 No. 5 RT 02 / 06,2 (Dua) Buah Rumah,3 Buah Rumah,Diduga Dari Korsleting Listrik,-,-,4 Pancar 1 Rescue 2 Tangki 2 Komando 1 PMI,24,-,2770000000,120
32.73.04,Bojongloa Kaler,32.73.04.1001,Kopo,10 Desember 2020,00.04 - 01.15 ,Jl. Kopo Gg. Mesjid Al-Hidayah RT 03 RW 08,Sebuah Rumah,3 Buah Rumah,Masih Dalam Penyelidikan,-,-,5 Pancar 1 Tangki 1 Komando,24,-,1547000000,17
32.73.01,Sukasari,32.73.01.1002,Gegerkalong,11 Desember 2020,19.00 - 19.37 ,Jl. Abdi Raya No. 135A RT 10 / 02,Sebuah Rumah (Bagian Kamar),3 Buah Rumah,Diduga Dari Lilin,-,-,2 Pancar 1 Komando 1 Dinkes,8,-,850000000,12
32.73.13,Lengkong,32.73.13.1001,Cijagra,23 Desember 2020,01.15 - 02.00 ,Jl. Suryalaya No. 33 (Indomaret),Kabel Listrik,Sebuah Toko dan Sebuah Rumah,Masih Dalam Penyelidikan,-,-,1 Pancar 1 Rescue 1 PMI,-,-,812000000,80
32.73.14,Cibeunying Kidul,32.73.14.1001,Padasuka,24 Desember 2020,13.44 - 14.25 ,Jl. Sekepondok I RT 04 RW 09,Sebuah Rumah,4 Buah Rumah,Diduga Dari Korsleting Listrik,-,-,1 Pancar 2 Tangki 1 Rescue 1 Komando 1 PMI,12,-,1547000000,40
32.73.15,Bandung Kulon,32.73.15.1001,Cijerah,29 Desember 2020,00.55 - 01.20 ,SD Negri 240 Cijerah Jl. Mekar Hurip No. 18 RT 03 / 08 Jl. Tanjung Sari Asri Tengah No. 27,Sebuah Saung dan Mess Penjaga Sekolah,Sebuah Sekolah dan 2 (dua) Buah Rumah,Masih Dalam Penyelidikan,-,-,5 Pancar 1 Tangki 1 Rescue 1 PMI,24,-,56376000000,56